BOR;AN;FI;FI_EJ;TELEMED_A1;TELEMED_A2;TELEMED_A3;TELEMED_A4;TELEMED_B1;TELEMED_B2;TELEMED_B3;TELEMED_B4;TELEMED_A5;TELEMED_B5;TELEMED_A6;TELEMED_B6;TELEMED_A7;TELEMED_B7;TELEMED_A8;TELEMED_B8;TELEMED_A9;TELEMED_B9;TELEMED_A10;TELEMED_B10;TELEMED_A11;TELEMED_B11;TELEMED_A12;TELEMED_B12;TELEMED_C5;TELEMED_D5;TELEMED_C6;TELEMED_D6;TELEMED_C7;TELEMED_D7;TELEMED_C8;TELEMED_D8;TELEMED_C9;TELEMED_D9;TELEMED_C10;TELEMED_D10;TELEMED_C11;TELEMED_D11;TELEMED_C12;TELEMED_D12
TELEMED;2013;010000180;010007987;0;0;0;0;0;1;0;0;0;;0;;0;;0;;0;;0;;0;;;;0;;0;;0;;1;1;0;;0;;0;;;
TELEMED;2013;010000198;010007987;0;0;0;0;0;1;0;0;0;;0;;0;;0;;0;;0;;0;;;;0;;0;;0;;1;1;0;;0;;0;;;
TELEMED;2013;010000214;010007987;0;0;0;0;0;1;0;0;0;;0;;0;;0;;0;;0;;0;;;;0;;0;;0;;1;1;0;;0;;0;;;
TELEMED;2013;010006526;690796552;1;0;1;1;0;1;0;0;1;2;0;;0;;0;;0;;0;;0;;;;0;;0;;0;;0;;0;;0;;0;;urgences;1
TELEMED;2013;020000089;020000022;0;0;0;0;0;0;0;0;0;;0;;0;;0;;0;;0;;0;;;;0;;0;;0;;1;3;0;;0;;0;;;
TELEMED;2013;020000162;020000063;0;1;0;0;0;1;0;0;0;;1;2;0;;1;3;0;;0;;0;;;;0;;1;2;0;;0;;0;;0;;0;;;
TELEMED;2013;020000535;020000287;0;0;0;0;0;1;0;0;0;;0;;0;;0;;0;;0;;0;;;;0;;0;;1;2;0;;0;;0;;1;2;;
TELEMED;2013;020001087;020004495;0;0;0;0;0;0;1;0;0;;0;;0;;0;;0;;0;;0;;;;0;;0;;1;2;0;;0;;0;;0;;;
TELEMED;2013;030000061;030780092;1;1;1;0;1;1;0;0;0;;0;;0;;0;;0;;1;;0;;Pneumologie;2;0;;0;;0;;0;;0;;0;;0;;Pneumologie;2
TELEMED;2013;030000079;030780100;0;0;0;0;0;1;0;0;0;;0;;0;;0;;0;;0;;0;;;;0;;1;2;1;2;1;3;0;;0;;0;;;
TELEMED;2013;030000087;030780118;0;0;0;0;0;1;0;0;0;;0;;0;;0;;0;;0;;0;;;;0;;1;2;0;;1;3;0;;0;;0;;;
TELEMED;2013;040003113;330029208;1;0;1;1;0;0;1;1;1;2;0;;0;;0;;0;;0;;0;;;;0;;0;;0;;0;;0;;0;;0;;;
TELEMED;2013;040784860;330029208;1;0;1;0;1;0;1;0;1;2;0;;0;;0;;0;;0;;0;;;;1;2;0;;0;;0;;0;;0;;0;;;
TELEMED;2013;040787541;330029208;1;0;1;0;1;0;1;0;1;2;0;;0;;0;;0;;0;;0;;;;0;;0;;0;;0;;0;;0;;0;;;
TELEMED;2013;050000223;050000108;1;0;1;0;0;0;0;0;0;;0;;0;;0;;0;;0;;0;;;;0;;0;;0;;0;;0;;0;;0;;;
TELEMED;2013;050000256;050000124;1;1;0;0;1;1;0;0;0;;0;;0;;0;;0;;0;;0;;Gériatrie - Psychiatrie;2;0;;0;;0;;0;;0;;0;;0;;Gériatrie - Psychiatrie;2
TELEMED;2013;060000163;060780327;0;1;0;0;0;0;0;0;0;;0;;0;;0;;0;;0;;0;;psychiatrie;;0;;0;;0;;0;;0;;0;;0;;psychiatrie;
TELEMED;2013;060000478;060780897;0;0;0;0;0;1;0;1;0;;0;;0;;0;;0;;0;;0;;;;0;;1;2;1;3;0;;0;;0;;0;;;
TELEMED;2013;060001450;060785011;1;1;0;1;0;0;0;0;0;;1;1;0;;0;;0;;0;;0;;;;0;;0;;0;;0;;0;;0;;0;;;
TELEMED;2013;060780491;060790797;0;0;1;0;0;0;1;0;0;;0;;1;1;0;;0;;0;;0;;;;0;;0;;1;1;0;;0;;0;;0;;;
TELEMED;2013;060780996;630786754;0;1;0;0;0;0;0;0;0;;0;;0;;0;;0;;0;;0;;;;0;;0;;0;;0;;0;;0;;0;;psychiatrie;3
TELEMED;2013;060785003;060785011;0;1;1;0;0;1;0;0;0;;0;;1;3;0;;0;;0;;0;;;;0;;0;;0;;0;;0;;0;;0;;;
TELEMED;2013;060788957;060785011;1;1;0;0;0;0;0;0;0;;0;;0;;0;;0;;0;;0;;Gériatrie et mémoire;3;0;;0;;0;;0;;0;;0;;0;;;
TELEMED;2013;060794013;060790797;0;0;1;0;0;0;1;0;0;;0;;0;;0;;0;;1;3;0;;;;0;;0;;0;;0;;0;;1;3;0;;;
TELEMED;2013;080000110;080000037;0;1;0;0;0;1;0;0;0;;0;;0;;0;;1;1;0;;0;;;;0;;0;;0;;1;3;1;1;0;;0;;;
TELEMED;2013;080000219;080001969;0;0;0;0;0;1;0;0;0;;0;;0;;0;;0;;0;;0;;;;0;;0;;1;3;0;;0;;0;;0;;;
TELEMED;2013;080000276;080001969;0;0;0;0;0;1;0;0;0;;0;;0;;1;3;0;;0;;0;;;;0;;0;;0;;0;;0;;0;;0;;;
TELEMED;2013;080000425;080000615;0;1;0;0;0;1;0;0;0;;0;;0;;1;3;0;;0;;0;;;;0;;1;3;1;3;1;3;0;;1;2;1;2;Pédiatrie,Rhumatologie;1
TELEMED;2013;090000175;090781774;0;1;0;0;0;1;0;0;0;;0;;0;;1;3;0;;0;;0;;;;0;;1;;0;;1;3;0;;1;;1;2;radiotherapie;
TELEMED;2013;090000183;090781816;1;1;0;0;0;0;0;0;0;;0;;0;;0;;0;;0;;0;;Plaie et Cicatrisation/Géronto Psy;2;0;;0;;0;;1;3;0;;0;;0;;;
TELEMED;2013;090001629;090780107;0;0;0;0;0;1;1;0;0;;0;;0;;0;;0;;0;;0;;;;0;;0;;0;;1;3;0;;0;;0;;;
TELEMED;2013;100000090;100000017;0;1;0;0;1;1;0;0;0;;0;;0;;1;3;0;;0;;0;;;;0;;1;3;0;;0;;0;;0;;0;;;
TELEMED;2013;110000023;110780061;0;0;0;0;0;1;0;0;0;;0;;0;;0;;0;;0;;0;;;;0;;0;;0;;0;;1;2;0;;0;;;
TELEMED;2013;110000056;110780137;0;0;0;0;0;1;1;0;0;;0;;0;;0;;0;;0;;0;;;;0;;1;2;1;1;1;1;1;2;0;;0;;;
TELEMED;2013;120000054;120780069;0;0;0;0;0;1;0;0;0;;0;;0;;0;;0;;0;;0;;;;0;;0;;1;1;0;;0;;0;;0;;;
TELEMED;2013;120001748;340000264;1;0;1;0;1;0;1;0;1;2;0;;0;;0;;0;;0;;0;;;;1;2;0;;0;;0;;0;;0;;0;;;
TELEMED;2013;120004569;120004528;0;0;0;0;1;1;0;0;0;;0;;0;;1;;0;;0;;0;;;;0;;0;;0;;0;;0;;0;;0;;;
TELEMED;2013;120004668;120004619;0;0;0;0;0;1;1;0;0;;0;;0;;0;;0;;0;;0;;;;0;;0;;1;1;1;1;0;;0;;0;;;
TELEMED;2013;120780135;120000104;0;1;0;0;0;1;0;0;0;;0;;0;;0;;0;;0;;0;;U.C.C;;0;;0;;0;;0;;0;;0;;0;;U.C.C;
TELEMED;2013;130000565;130781446;0;0;0;0;0;1;0;0;0;;0;;0;;0;;0;;0;;0;;;;0;;0;;1;2;0;;0;;0;;0;;;
TELEMED;2013;130001225;130782634;0;0;0;0;0;1;0;0;0;;0;;1;;0;;0;;0;;0;;;;0;;0;;0;;0;;0;;0;;0;;;
TELEMED;2013;130001647;130784127;0;1;0;0;0;1;0;0;0;;0;;0;;1;;0;;0;;1;;;;0;;0;;0;;1;;0;;0;;1;;;
TELEMED;2013;130780521;130786049;0;1;0;0;0;0;0;0;0;;0;3;1;;1;3;0;;0;;0;;Pneumologie et Réanimation des Détresses Respiratoires et Infections Sévères;;0;;0;;0;;0;;0;;0;;0;;;
TELEMED;2013;130783236;130786049;0;1;0;0;0;0;0;0;0;;0;;0;;1;3;0;;0;;0;;Médecine Interne;2;0;;0;;0;;0;;0;;0;;0;;;
TELEMED;2013;130783293;130786049;0;1;1;0;0;0;0;0;0;;1;2;1;3;1;3;0;;1;2;0;;;;0;;0;;0;;0;;0;;0;;0;;;
TELEMED;2013;130784234;130786049;0;1;0;0;0;0;0;0;0;;0;;0;;1;3;0;;0;;0;;;;0;;0;;0;;0;;0;;0;;0;;;
TELEMED;2013;130806078;130016058;1;0;1;0;1;0;1;0;1;3;0;;0;;0;;0;;0;;0;;;;0;;0;;0;;0;;0;;0;;0;;;
TELEMED;2013;140000027;140000035;0;1;0;0;0;1;0;0;0;;0;;0;;1;3;0;;0;;0;;;;0;;1;3;0;;1;3;1;2;0;;1;2;;
TELEMED;2013;140000076;140000084;0;0;0;0;0;1;0;0;0;;0;;0;;0;;0;;0;;0;;;;0;;0;;0;;1;3;0;;0;;0;;;
TELEMED;2013;140000209;140000100;0;1;1;0;0;0;0;0;0;;1;2;1;3;1;3;1;2;1;;1;2;Ophtalmologie;2;0;;0;;0;;0;;0;;0;;0;;;
TELEMED;2013;140000233;140000118;1;0;1;0;1;1;1;0;0;;0;;0;;1;;0;;0;;0;;;;0;;1;;1;;1;;0;;0;;1;;;
TELEMED;2013;140000373;140000159;0;0;0;0;0;1;0;0;0;;0;;0;;0;;0;;0;;0;;;;0;;0;;0;;0;;0;;0;;1;2;;
TELEMED;2013;140026410;140026279;0;0;0;0;0;1;0;0;0;;0;;0;;0;;0;;0;;0;;;;0;;0;;0;;1;3;0;;0;;0;;;
TELEMED;2013;150000032;150780088;0;0;0;0;0;1;0;0;0;;0;;0;;0;;0;;0;;0;;;;0;;0;;1;;0;;0;;1;;0;;;
TELEMED;2013;150000164;150780468;0;0;0;0;0;0;0;0;0;;0;;0;;0;;0;;0;;0;;;;0;;0;;1;1;1;3;0;;0;;0;;orthopedie;3
TELEMED;2013;150000180;150780500;0;0;0;0;0;1;0;0;0;;0;;0;;0;;0;;0;;0;;;;0;;0;;0;;1;3;0;;0;;0;;;
TELEMED;2013;150780120;150000065;0;0;0;0;0;0;1;0;0;;0;;0;;0;;0;;0;;0;;;;0;;0;;0;;1;3;0;;0;;0;;;
TELEMED;2013;160000253;160000451;0;1;1;1;0;0;0;0;0;;0;;0;;1;3;0;;0;;0;;;;0;;0;;0;;0;;0;;0;;0;;;
TELEMED;2013;160000303;160006037;0;0;0;0;0;0;1;0;0;;0;;0;;0;;0;;0;;0;;;;0;;0;;0;;1;2;0;;0;;0;;;
TELEMED;2013;160000337;160000493;0;0;0;0;0;1;0;0;0;;0;;0;;0;;0;;0;;0;;;;0;;0;;0;;1;2;0;;0;;0;;;
TELEMED;2013;170000095;170780167;0;1;0;0;0;1;0;0;0;;0;;0;;1;1;0;;0;;0;;;;0;;0;;0;;1;2;0;;0;;0;;;
TELEMED;2013;170000129;170780191;0;0;0;0;0;1;0;0;0;;0;;0;;0;;0;;0;;0;;;;0;;0;;0;;1;3;0;;0;;0;;;
TELEMED;2013;170000152;170780225;0;0;0;0;0;1;0;0;0;;0;;0;;0;;0;;0;;0;;;;0;;0;;0;;0;;1;2;0;;1;1;;
TELEMED;2013;170022818;170022057;0;0;0;0;0;1;0;0;0;;0;;0;;0;;0;;0;;0;;;;0;;0;;0;;1;3;0;;0;;0;;;
TELEMED;2013;170780621;170000285;0;0;0;0;0;1;0;0;0;;0;;0;;0;;0;;0;;0;;;;0;;0;;0;;1;3;0;;0;;0;;;
TELEMED;2013;180000010;180000028;0;0;0;0;0;1;0;0;0;;0;;0;;0;;0;;0;;0;;;;0;1;1;3;1;3;0;;0;;1;1;1;2;;
TELEMED;2013;180000200;180000051;0;0;0;0;0;0;1;0;0;;0;;0;;0;;0;;0;;0;;;;0;;0;;0;;1;3;0;;0;;0;;;
TELEMED;2013;180000283;180000069;0;0;0;0;0;0;1;0;0;;0;;0;;0;;0;;0;;0;;;;0;;0;;0;;1;3;0;;0;;0;;;
TELEMED;2013;190000018;190000042;1;1;0;0;1;1;0;0;0;;0;;0;;1;3;0;;0;;0;;;;0;;0;;1;3;0;;0;;0;;0;;;
TELEMED;2013;190000026;190000059;0;0;1;0;0;0;0;0;0;;0;;0;;0;;0;;1;2;0;;;;0;;0;;0;;0;;0;;0;;0;;;
TELEMED;2013;190000091;190000075;0;0;1;0;0;1;0;0;0;;0;;0;;0;;0;;1;2;0;;;;0;;0;;1;;0;;1;;1;1;0;;;
TELEMED;2013;210987558;210780581;1;1;1;1;0;1;0;0;0;;1;3;1;3;1;3;1;3;1;3;0;;Ortho-traumato,CMF,Ondoto,Ophtalmo;3;0;;0;;0;;0;;0;;0;;0;;Grands brulés;2
TELEMED;2013;210987657;210780714;0;0;0;0;1;1;0;0;0;;0;;0;;0;;0;;0;;0;;;;0;;1;2;1;2;0;;0;;1;2;0;;;
TELEMED;2013;210987699;210780706;0;0;0;0;0;1;1;0;0;;0;;0;;0;;0;;0;;0;;;;0;;1;3;0;;1;3;1;2;0;;1;2;;
TELEMED;2013;210987731;210780417;0;0;1;0;0;0;0;0;0;;0;;0;;0;;0;;0;;1;2;onco-chirurgie et onco-radiologie;2;0;;0;;0;;0;;0;;0;;0;;;
TELEMED;2013;220000012;220000020;1;1;1;1;0;1;0;0;1;;0;;0;;1;;0;;0;;0;;plaies chroniques;;0;;0;;1;;0;;0;;0;;0;;;
TELEMED;2013;220000095;220000046;0;0;0;0;0;1;0;0;0;;0;;0;;0;;0;;0;;0;;;;0;;1;1;1;1;1;3;1;2;0;;1;2;;
TELEMED;2013;220000343;220000079;0;0;0;0;0;1;0;0;0;;0;;0;;0;;0;;0;;0;;;;0;;0;;0;;1;3;0;;0;;0;;;
TELEMED;2013;220000368;220000103;0;1;1;0;0;1;0;0;0;;0;;0;;1;3;0;;1;3;0;;;;0;;0;;0;;1;3;1;3;0;;1;3;RCP chirugie cancérologique;3
TELEMED;2013;220000541;220000152;0;0;0;0;1;1;0;1;0;;0;;0;;0;;0;;0;;0;;;;0;;0;;0;;0;;0;;1;3;0;;;
TELEMED;2013;220020101;220000020;0;0;0;0;1;1;1;1;0;;0;;0;;0;;0;;0;;0;;;;1;3;0;;0;;0;;0;;0;;0;;;
TELEMED;2013;220020119;220000020;0;0;0;0;1;1;1;1;0;;0;;0;;0;;0;;0;;0;;;;1;3;0;;0;;0;;0;;0;;0;;;
TELEMED;2013;220022149;220000020;0;0;0;0;1;1;1;1;0;;0;;0;;0;;0;;0;;0;;;;0;;0;;0;;0;;0;;0;;0;;;
TELEMED;2013;230000820;230780041;0;0;0;0;1;0;0;0;0;;0;;0;;0;;0;;0;;0;;;;0;;1;3;0;;0;;0;;0;;0;;;
TELEMED;2013;230780082;750005068;1;1;1;0;1;1;1;0;0;;0;;0;;1;;0;;0;;1;2;;;0;;0;;0;;1;;0;;0;;1;;;
TELEMED;2013;240000372;240000059;0;0;0;0;0;0;1;0;0;;0;;0;;0;;0;;0;;0;;;;0;;0;;0;;1;;0;;0;;0;;;
TELEMED;2013;250000635;250000239;0;0;0;0;1;1;1;0;0;;0;;0;;0;;0;;0;;0;;;;0;;1;1;0;;0;;0;;0;;0;;dermato - diabeto;2
TELEMED;2013;250000700;250000452;0;0;0;0;1;1;1;1;0;;0;;0;;0;;0;;0;;0;;;;0;;1;3;1;2;0;;1;1;0;;1;2;;
TELEMED;2013;250000726;250000478;0;0;0;0;1;1;1;0;0;;0;;0;;0;;0;;0;;0;;;;0;;0;;0;;0;;0;;0;;0;;dermato/diabeto;
TELEMED;2013;250006954;250000015;1;1;1;1;0;0;0;0;0;;1;3;1;3;1;3;0;;1;3;0;;plaies chroniques, patients diabétiques;3;0;;0;;0;;0;;0;;0;;0;;;
TELEMED;2013;260000013;260000021;0;1;1;0;0;1;0;0;0;;0;;0;;1;3;0;;1;3;0;;;;0;;1;2;0;;1;1;0;;0;;0;;Pédiatrie;2
TELEMED;2013;260000138;260000047;0;1;0;0;0;1;0;0;0;;0;;0;;0;;0;;0;;1;2;;;0;;1;1;1;1;0;;0;;0;;1;2;;
TELEMED;2013;260000237;260000088;0;0;0;0;0;1;0;0;0;;0;;0;;1;;0;;0;;0;;;;0;;0;;0;;1;3;0;;0;;0;;;
TELEMED;2013;260000278;260000096;0;0;0;0;0;1;0;0;0;;0;;0;;0;;0;;0;;0;;;;0;;0;;0;;1;3;0;;0;;0;;;
TELEMED;2013;260000286;260000104;0;0;0;0;0;0;1;1;0;;0;;0;;0;;0;;0;;0;;;;0;;0;;0;;1;3;0;;0;;0;;;
TELEMED;2013;270000441;270000110;0;0;0;0;1;0;0;0;0;;0;;0;;0;;0;;0;;0;;;;0;;0;;0;;0;;0;;0;;0;;GERIATRIE;2
TELEMED;2013;270000482;270000144;0;0;0;0;0;1;1;0;0;;0;;0;;0;;0;;0;;0;;;;0;;0;;0;;0;;0;;0;;0;;Psychiatrie;2
TELEMED;2013;270000532;270000185;0;0;0;0;1;1;1;0;0;;0;;0;;0;;0;;0;;0;;;;0;;1;2;0;;0;;0;;1;2;1;2;gériatrie;2
TELEMED;2013;280000084;280000183;0;1;0;0;0;1;0;0;0;;0;;0;;0;;0;;1;2;0;;;;0;;0;;0;;0;;0;;1;2;0;;;
TELEMED;2013;280000662;280500075;0;1;0;0;0;0;0;0;0;;0;;0;;1;;0;;0;;0;;;;0;;0;;0;;0;;0;;0;;0;;;
TELEMED;2013;280504267;280000134;0;1;0;0;0;1;0;0;1;1;0;;0;;0;;0;;0;;1;2;Obésité;2;0;;0;;0;;0;;1;2;0;;1;2;;
TELEMED;2013;290000025;290020700;0;0;1;0;0;1;0;0;0;;0;;0;;1;;0;;0;;0;;;;0;;0;;1;3;0;;0;;1;2;0;;oui;2
TELEMED;2013;290000066;290020700;0;0;0;0;0;1;0;0;0;;0;;0;;0;;0;;0;;0;;;;0;;0;;1;1;1;2;0;;0;;0;;;
TELEMED;2013;290000181;290000074;0;1;1;0;0;1;0;0;0;;0;;0;;0;;0;;1;3;1;2;;;0;;0;;0;;1;3;0;;0;;0;;;
TELEMED;2013;290000256;290000017;0;0;0;0;0;1;0;0;0;;0;;0;;0;;0;;0;;0;;;;0;;0;;0;;1;3;0;;0;;0;;;
TELEMED;2013;290000728;750821092;0;1;0;0;0;1;0;0;0;;0;;0;;1;3;0;;0;;0;;;;0;;0;;0;;1;3;0;;0;;0;;;
TELEMED;2013;290004324;290000017;0;1;1;0;0;0;0;0;0;;0;;1;3;1;3;0;;1;3;0;;;;0;;0;;0;;0;;0;;0;;0;;;
TELEMED;2013;2A0000212;2A0000170;0;0;0;0;0;1;0;0;0;;0;;0;;0;;0;;0;;0;;;;0;;0;;0;;1;3;0;;0;;0;;;
TELEMED;2013;2B0004584;130016058;1;0;1;0;1;0;1;0;1;3;0;;0;;0;;0;;0;;0;;;;0;;0;;0;;0;;0;;0;;0;;;
TELEMED;2013;300000478;300781010;0;0;0;0;0;0;0;1;0;;0;;0;;0;;0;;0;;0;;;;0;;0;;0;;1;3;0;;0;;0;;;
TELEMED;2013;300008588;340000413;0;0;1;0;0;0;0;0;1;3;0;;0;;0;;0;;0;;0;;;;0;;0;;0;;0;;0;;0;;0;;;
TELEMED;2013;300008638;340000413;0;0;0;0;0;0;1;0;0;;0;;0;;0;;0;;0;;0;;;;1;3;0;;0;;0;;0;;0;;0;;;
TELEMED;2013;300780152;300000114;1;1;0;0;0;0;0;0;0;;0;;1;;0;;0;;0;;0;;;;0;;0;;0;;0;;0;;0;;0;;;
TELEMED;2013;300782117;300780038;1;1;1;0;0;1;0;0;0;;0;;0;;1;2;1;2;1;2;0;;Biologie, médecine Générale, EFSN;3;0;;0;;0;;0;;0;;0;;0;;Biologie;
TELEMED;2013;310000310;310780671;0;0;0;0;1;1;1;1;0;;0;;0;;0;;0;;0;;0;;;;0;;1;;1;;0;;0;;0;;1;;;
TELEMED;2013;310013628;310786256;1;1;0;0;0;0;0;0;0;;0;;0;;0;;0;;0;;0;;gériatrie;1;0;;0;;0;;0;;0;;0;;0;;;
TELEMED;2013;310016977;310781406;1;1;0;0;0;1;0;0;0;;0;;0;;1;2;1;1;0;;1;2;Pédiatrie;2;0;;0;;0;;0;;0;;0;;1;2;;
TELEMED;2013;310019351;310781406;1;1;0;0;0;0;0;0;0;;0;;0;;0;;0;;0;;1;;chirurgie thoracique;3;0;;0;;0;;0;;0;;0;;0;;;
TELEMED;2013;310022330;310022322;0;0;0;0;1;1;1;1;0;;0;;0;;0;;0;;0;;0;;;;1;2;0;;0;;0;;0;;0;;0;;;
TELEMED;2013;310780259;310000096;1;1;1;0;0;0;0;0;0;;0;;0;;1;2;0;;1;2;0;;;;0;;0;;0;;0;;0;;0;;0;;;
TELEMED;2013;310781067;310788898;0;0;0;0;0;1;0;0;0;;0;;0;;0;;0;;0;;0;;;;0;;1;2;1;2;1;1;0;;0;;0;;;
TELEMED;2013;310781505;310000492;1;1;0;0;0;0;0;0;0;;0;;0;;0;;0;;0;;0;;plaie et cicatrisation;1;0;;0;;0;;0;;0;;0;;0;;;
TELEMED;2013;310781984;310014378;0;0;0;0;0;0;0;0;0;;1;1;0;;0;;0;;0;;0;;;;0;;1;1;0;;0;;0;;0;;0;;;
TELEMED;2013;310782016;310000617;1;1;1;1;1;1;1;1;1;2;0;;0;;0;;0;;0;;0;;;;1;2;0;;0;;0;;0;;0;;0;;;
TELEMED;2013;310782347;310789136;0;1;0;0;0;0;0;0;0;;0;;0;;0;;0;;0;;1;2;;;0;;0;;0;;0;;0;;0;;0;;;
TELEMED;2013;310783048;310781406;1;1;;0;0;1;0;0;0;;1;3;1;3;1;3;0;;0;;0;;hématologie;2;0;;0;;0;;0;;0;;0;;0;;hématologie;2
TELEMED;2013;310783055;310781406;1;1;;0;0;0;0;0;0;;1;3;1;3;1;3;0;;1;3;0;;Urologie;2;0;;0;;0;;0;;0;;0;;0;;;
TELEMED;2013;310787304;310781406;1;1;0;0;0;1;0;0;0;;0;;0;;0;;0;;0;;1;2;Gérontologie;3;0;;0;;0;;0;;0;;0;;1;2;;
TELEMED;2013;310793419;310000617;0;0;0;0;1;1;1;1;0;;0;;0;;0;;0;;0;;0;;;;1;2;0;;0;;0;;0;;0;;0;;;
TELEMED;2013;320000144;320780174;0;0;0;0;1;1;1;0;0;;1;1;0;;0;;0;;1;1;0;;;;0;;0;;0;;0;;0;;0;;0;;;
TELEMED;2013;320000151;320780182;0;0;0;0;0;1;0;0;0;;0;;0;;0;;0;;0;;0;;;;0;;0;;0;;0;;0;;1;;0;;;
TELEMED;2013;320780067;320000052;0;0;0;0;0;1;0;0;0;;0;;0;;0;;0;;0;;0;;;;0;;0;;0;;0;;0;;0;;1;2;;
TELEMED;2013;320784333;320000565;0;1;1;1;0;1;1;1;0;;1;1;0;;0;;0;;0;;0;;;;0;;0;;1;2;0;;0;;0;;0;;;
TELEMED;2013;330000571;330781220;0;0;0;0;1;0;0;0;0;;0;;0;;0;;0;;0;;0;;;;0;;0;;0;;1;3;0;;0;;0;;;
TELEMED;2013;330000605;330781253;0;1;1;0;0;1;1;0;0;;0;;0;;0;;1;3;1;3;0;;;;0;;0;;0;;0;;1;3;1;3;0;;;
TELEMED;2013;330780495;330796392;0;0;0;0;0;0;1;0;0;;0;;0;;0;;0;;0;;0;;;;0;;0;;0;;0;;0;;1;2;0;;;
TELEMED;2013;330781337;330781196;1;0;0;0;0;0;0;0;0;;0;;0;;0;;0;;0;;0;;Gériatrie;;0;;0;;0;;0;;0;;0;;0;;;
TELEMED;2013;330781352;330781196;0;1;0;0;0;0;0;0;0;;0;;0;;1;;0;;0;;0;;;;0;;0;;0;;0;;0;;0;;0;;;
TELEMED;2013;330783648;330781196;0;1;1;0;0;0;0;0;0;;0;;0;;1;;0;;1;;0;;;;0;;0;;0;;0;;0;;0;;0;;;
TELEMED;2013;340000033;340780055;0;1;1;0;0;1;0;0;0;;1;2;0;;0;;0;;0;;0;;;;0;;1;2;1;1;0;;0;;0;;1;2;;
TELEMED;2013;340013168;340000264;1;0;1;0;0;0;0;0;1;2;0;;0;;0;;0;;0;;0;;;;0;;0;;0;;0;;0;;0;;0;;;
TELEMED;2013;340013218;340000264;0;0;0;0;1;0;1;0;0;;0;;0;;0;;0;;0;;0;;;;1;2;0;;0;;0;;0;;0;;0;;;
TELEMED;2013;340016476;340016468;0;0;0;0;0;1;0;0;0;;0;;0;;0;;0;;0;;0;;;;0;;0;;0;;0;;0;;1;2;0;;;
TELEMED;2013;340780212;340796069;0;0;0;0;1;1;0;0;0;;0;;0;;0;;0;;0;;0;;;;0;;0;;0;;0;;0;;0;;0;;Suivi Plaies Complexes;3
TELEMED;2013;340780824;340000405;0;0;0;0;0;1;0;0;0;;0;;0;;0;;0;;0;;0;;;;0;;0;;0;;0;;0;;0;;0;;PLAIE ET CICATRISATION;2
TELEMED;2013;340781608;340015171;0;0;0;0;1;1;1;0;0;;0;;0;;0;;0;;0;;0;;;;0;;0;;0;;0;;0;;0;;0;;Plaies et cicatrisation (CICAT LR);
TELEMED;2013;350000147;350000022;0;0;0;0;0;1;0;0;0;;0;;0;;1;3;0;;0;;0;;;;0;;0;;0;;1;3;0;;0;;0;;;
TELEMED;2013;350000741;350005179;1;1;0;0;0;0;0;0;0;;0;;1;3;1;3;0;;1;3;0;;;;0;;0;;0;;0;;0;;0;;0;;;
TELEMED;2013;350002200;350029948;0;0;0;0;0;0;1;0;0;;0;;0;;0;;0;;0;;0;;;;0;;0;;0;;1;3;0;;0;;0;;;
TELEMED;2013;350002812;350023503;0;1;0;0;0;0;1;0;0;;0;;0;;0;;0;;0;;0;;;;0;;0;;0;;1;3;0;;0;;0;;;
TELEMED;2013;360000137;360000053;0;1;1;0;0;1;1;0;0;;1;2;1;3;1;2;0;;1;3;0;;;;0;;1;2;1;3;1;2;0;;0;;0;;;
TELEMED;2013;360000160;360000079;0;1;0;0;0;0;0;0;0;;0;;0;;0;;0;;0;;0;;;;0;;0;;0;;1;;0;;0;;0;;;
TELEMED;2013;360002232;360000541;1;1;1;0;1;1;1;0;0;;0;;0;;0;;0;;0;;0;;diabetologie;2;1;2;0;;0;;0;;1;1;1;2;1;3;dermatologie;2
TELEMED;2013;370000861;370000481;0;1;0;0;0;0;0;0;0;;0;;1;3;0;;0;;0;;0;;;;0;;0;;0;;0;;0;;0;;0;;;
TELEMED;2013;370004467;370000481;0;1;0;1;0;0;0;0;0;;0;;0;;1;3;0;;0;;0;;dermatologie, hépatologie et tumeurs des tissus de soutient;3;0;;0;;0;;0;;0;;0;;0;;;
TELEMED;2013;380000034;380780049;0;0;0;0;0;1;0;0;0;;0;;0;;0;;0;;0;;0;;;;0;;0;;0;;1;;0;;0;;0;;;
TELEMED;2013;380000042;380780056;0;0;0;0;0;0;1;0;0;;0;;0;;0;;0;;0;;0;;;;0;;0;;0;;0;;0;;0;;0;;Scanographie;2
TELEMED;2013;380000067;380780080;0;1;1;0;0;0;0;0;0;;0;;1;3;0;;0;;1;3;0;;;;0;;0;;0;;0;;0;;0;;0;;;
TELEMED;2013;380000174;380781435;0;1;0;0;0;1;0;0;0;;0;;0;;1;1;0;;0;;0;;dermatologie et gériatrie;1;0;;0;;0;;0;;0;;0;;1;1;;
TELEMED;2013;380000828;690002225;1;0;0;1;1;1;1;1;1;3;0;;0;;0;;0;;0;;0;;;;0;;0;;0;;0;;0;;0;;0;;Dermatologue;1
TELEMED;2013;380785956;380795211;0;1;0;0;0;1;1;0;0;;0;;0;;1;3;1;2;0;;1;3;;;0;;0;;0;;0;;1;2;0;;1;3;;
TELEMED;2013;390000040;390780146;0;0;0;0;1;0;0;0;0;;0;;0;;0;;0;;0;;0;;;;0;;1;2;0;;1;2;0;;0;;0;;;
TELEMED;2013;390000065;390780161;0;0;0;0;0;1;0;0;0;;0;;0;;0;;0;;0;;0;;;;0;;1;2;1;2;1;2;0;;0;;0;;;
TELEMED;2013;410000178;410000137;0;0;0;0;1;0;0;0;0;;0;;0;;0;;0;;0;;0;;échographie;2;0;;0;;0;;0;;0;;0;;0;;;
TELEMED;2013;420785354;420784878;1;1;0;1;0;0;0;0;0;;1;3;1;3;1;3;0;;0;;0;;;;0;;0;;0;;0;;0;;0;;0;;;
TELEMED;2013;440000503;440000313;0;0;0;0;0;1;0;0;0;;0;;0;;0;;0;;0;;0;;;;0;;1;;1;;1;;0;;0;;0;;;
TELEMED;2013;440039568;440002590;0;0;0;0;1;1;1;1;0;;0;;0;;0;;0;;0;;0;;;;1;2;0;;0;;0;;0;;0;;0;;;
TELEMED;2013;450000062;450000104;0;0;0;0;0;1;0;0;0;;0;;0;;0;;0;;0;;0;;;;0;;0;;1;3;0;;0;;0;;0;;;
TELEMED;2013;450000070;450000112;0;0;0;0;0;0;1;0;0;;0;;0;;0;;0;;0;;0;;;;0;;0;;0;;1;3;0;;0;;0;;;
TELEMED;2013;450000211;450000153;0;0;0;0;0;1;0;0;0;;0;;0;;0;;0;;0;;0;;;;0;;0;;0;;0;;0;;0;;0;;gériatrie;2
TELEMED;2013;460000110;460780216;0;0;0;0;0;1;0;0;0;;0;;0;;0;;0;;0;;0;;;;0;;1;2;0;;0;;1;2;0;;1;1;;
TELEMED;2013;470000027;470014069;0;0;1;0;0;0;0;0;0;;0;;0;;0;;0;;1;;0;;;;0;;0;;0;;0;;0;;0;;0;;;
TELEMED;2013;480000017;480780097;0;0;0;0;0;1;0;0;0;;0;;0;;0;;0;;0;;0;;;;0;;1;;1;3;1;2;0;;0;;0;;;
TELEMED;2013;480000074;480780162;0;0;0;0;0;1;0;0;0;;0;;0;;0;;0;;0;;0;;;;0;;1;2;0;;1;2;1;2;0;;1;2;Endocrinologie / Pédiatrie;2
TELEMED;2013;480001403;340000264;0;0;0;0;1;0;1;0;0;;0;;0;;0;;0;;0;;0;;;;1;2;0;;0;;0;;0;;0;;0;;;
TELEMED;2013;480001783;340000264;1;0;1;0;0;0;0;0;1;2;0;;0;;0;;0;;0;;0;;;;0;;0;;0;;0;;0;;0;;0;;;
TELEMED;2013;490000049;490000031;0;1;0;0;0;0;0;0;0;;1;3;1;3;1;3;0;;1;2;0;;Pédiatrie et Neurotraumato;3;0;;0;;0;;0;;0;;0;;0;;;
TELEMED;2013;490001765;490528452;0;0;0;0;0;1;0;0;0;;0;;0;;0;;0;;0;;0;;;;0;;1;3;0;;0;;0;;0;;0;;;
TELEMED;2013;490007499;440002590;1;1;1;1;0;0;0;0;1;2;0;;0;;0;;0;;0;;0;;;;0;;0;;0;;0;;0;;0;;0;;;
TELEMED;2013;490017613;440002590;0;0;0;0;1;1;1;1;0;;0;;0;;0;;0;;0;;0;;;;1;2;0;;0;;0;;0;;0;;0;;;
TELEMED;2013;500000021;500000054;0;0;0;0;0;1;0;0;0;;0;;0;;0;;0;;0;;0;;;;0;;0;;1;;0;;0;;0;;0;;;
TELEMED;2013;500000260;500000054;0;0;0;0;0;1;0;0;0;;0;;0;;0;;0;;0;;0;;;;0;;0;;1;;0;;0;;0;;1;;;
TELEMED;2013;500000591;500000393;0;0;0;0;0;1;0;0;0;;0;;0;;0;;0;;0;;0;;;;0;;0;;0;;1;3;0;;0;;0;;;
TELEMED;2013;500012687;310021118;0;0;1;0;0;0;0;0;0;;0;;0;;0;;0;;1;3;0;;;;0;;0;;0;;0;;0;;0;;0;;;
TELEMED;2013;510000516;510000136;0;1;0;0;0;0;0;0;0;;0;;0;;0;;0;;0;;1;2;;;0;;0;;0;;0;;0;;0;;0;;;
TELEMED;2013;510002447;510000029;0;1;1;0;0;0;0;0;0;;0;;0;;1;;0;;0;;0;;;;0;;0;;0;;0;;0;;0;;0;;;
TELEMED;2013;510004302;510000029;1;1;1;0;0;0;0;0;0;;1;3;;;1;2;0;;0;;0;;;;0;;0;;1;;0;;0;;0;;0;;;
TELEMED;2013;510009491;510000953;0;0;0;0;1;0;0;0;1;2;0;;0;;0;;0;;0;;0;;;;0;;0;;0;;0;;0;;0;;0;;;
TELEMED;2013;520000068;520780073;0;0;0;0;0;1;0;0;0;;0;;0;;0;;0;;0;;0;;;;0;;0;;0;;0;;0;;0;;1;2;;
TELEMED;2013;520004052;510000953;0;0;0;0;1;0;0;0;1;2;0;;0;;0;;0;;0;;0;;;;0;;0;;0;;0;;0;;0;;0;;;
TELEMED;2013;530000017;530000025;0;0;0;0;0;1;0;0;0;;0;;0;;0;;0;;0;;0;;;;0;;0;;0;;0;;0;;0;;1;;;
TELEMED;2013;540000155;540000080;1;1;0;0;0;0;0;1;0;;0;;0;;0;;0;;1;3;0;;Diabétologie;1;0;;0;;0;;1;3;0;;0;;0;;;
TELEMED;2013;540000296;540000106;0;0;0;0;0;1;0;0;0;;0;;0;;0;;0;;0;;0;;;;0;;0;;0;;1;3;0;;0;;0;;;
TELEMED;2013;540000361;540003928;0;0;0;0;0;1;0;0;0;;0;;0;;0;;0;;0;;0;;;;0;;0;;0;;0;;0;;0;;0;;orthopédie;2
TELEMED;2013;540000981;540001112;1;1;1;1;0;0;0;0;1;3;0;;0;;0;;0;;0;;0;;;;0;;0;;0;;0;;0;;0;;0;;;
TELEMED;2013;540001070;540000767;0;0;0;0;1;1;0;0;0;;0;;0;;0;;0;;0;;0;;;;0;;0;;1;3;1;3;1;2;0;;1;2;;
TELEMED;2013;540001138;540002078;1;1;0;1;0;0;0;0;0;;1;3;1;3;1;3;0;;0;;1;3;;;0;;0;;0;;0;;0;;0;;0;;;
TELEMED;2013;540001286;540003019;0;1;1;0;0;0;1;0;0;;0;;0;;1;3;0;;0;;1;2;;;0;;0;;0;;1;3;0;;0;;1;1;;
TELEMED;2013;540002698;540002078;0;1;1;0;0;1;1;0;0;;0;;1;3;0;;0;;1;3;0;;geriatrie;2;0;;0;;0;;0;;0;;1;2;0;;;
TELEMED;2013;550000012;550000020;0;0;0;0;1;1;0;0;0;;0;;0;;0;;0;;0;;0;;;;0;;1;;0;;1;2;0;;0;;0;;;
TELEMED;2013;550000434;550003354;0;0;0;0;0;1;0;0;0;;0;;0;;0;;0;;0;;0;;;;0;;1;2;0;;0;;0;;0;;0;;;
TELEMED;2013;550005219;540001112;0;0;0;0;1;1;1;1;0;;0;;0;;0;;0;;0;;0;;;;1;3;0;;0;;0;;0;;0;;0;;;
TELEMED;2013;560000127;560023210;0;0;0;0;0;1;0;0;0;;0;;0;;0;;0;;0;;0;;;;0;;1;;1;;0;;0;;0;;0;;;
TELEMED;2013;560000382;560002032;0;0;0;0;0;1;0;0;0;;0;;0;;0;;0;;0;;0;;;;0;;0;;0;;0;;0;;0;;0;;Pédo Psychiatrie;2
TELEMED;2013;560009524;440002590;0;0;0;0;1;1;1;1;0;;0;;0;;0;;0;;0;;0;;;;1;2;0;;0;;0;;0;;0;;0;;;
TELEMED;2013;560018038;560023178;0;1;0;0;0;1;0;0;0;;0;;0;;0;;0;;0;;1;3;oncologie radiotherapique;3;0;;0;;0;;0;;0;;0;;1;1;oncologie radiotherapique;1
TELEMED;2013;560023152;440002590;1;1;1;1;0;0;0;0;1;2;0;;0;;0;;0;;0;;0;;;;0;;0;;0;;0;;0;;0;;0;;;
TELEMED;2013;560023228;560023178;0;1;0;0;0;1;0;0;0;;0;;0;;0;;0;;0;;1;3;oncologie radiotherapique;3;0;;0;;0;;0;;0;;0;;1;1;oncologie radiotherapique;1
TELEMED;2013;570000091;750050759;0;0;0;0;0;1;0;0;0;;0;;0;;0;;0;;0;;0;;;;0;;0;;1;2;1;3;0;;0;;0;;;
TELEMED;2013;570000349;570005165;1;0;1;0;1;1;0;0;0;;0;;0;;0;;0;;1;3;0;;;;0;;0;;0;;1;3;0;;0;;0;;;
TELEMED;2013;570000596;750821092;0;0;0;0;0;1;0;0;0;;0;;0;;0;;0;;0;;0;;;;0;;0;;0;;1;2;0;;0;;0;;;
TELEMED;2013;570004002;570013797;0;0;0;0;1;0;1;0;0;;0;;0;;0;;0;;0;;0;;;;1;2;0;;0;;0;;0;;0;;0;;;
TELEMED;2013;570005215;570005165;0;0;0;0;0;1;0;0;0;;0;;0;;1;3;0;;0;;0;;;;0;;0;;0;;0;;0;;0;;0;;;
TELEMED;2013;570010082;570013797;1;0;1;0;0;0;1;0;1;2;0;;0;;0;;0;;0;;0;;;;0;;0;;0;;0;;0;;0;;0;;;
TELEMED;2013;570015636;570013797;0;0;0;0;1;0;1;0;0;;0;;0;;0;;0;;0;;0;;;;1;1;0;;0;;0;;0;;0;;0;;;
TELEMED;2013;570026682;570005165;1;0;1;0;1;1;0;0;0;;0;;0;;1;3;0;;1;3;0;;dermatologie;2;0;;0;;0;;1;2;0;;0;;0;;;
TELEMED;2013;580972685;580780096;0;0;0;0;1;0;1;1;0;;1;3;0;;0;;0;;0;;0;;;;0;;1;2;0;;0;;0;;0;;0;;;
TELEMED;2013;580972693;580780039;0;0;0;0;0;1;1;0;0;;0;;0;;0;;0;;0;;0;;;;0;;1;;0;;0;;0;;0;;0;;;
TELEMED;2013;590000337;590781415;0;0;0;0;1;1;0;0;0;;0;;0;;0;;0;;0;;0;;;;0;;0;;1;;1;;0;;0;;0;;;
TELEMED;2013;590000428;590781605;0;0;0;0;1;1;0;0;0;;0;;0;;0;;0;;0;;0;;;;0;;1;3;1;2;1;3;0;;0;;0;;;
TELEMED;2013;590000535;590781803;0;1;0;0;0;1;0;0;0;;1;;0;;0;;0;;0;;0;;;;0;;0;;0;;0;;0;;0;;0;;pédiatrie;
TELEMED;2013;590000618;590782215;0;1;0;0;0;1;0;0;0;;1;3;1;3;1;3;0;;0;;0;;;;0;;1;3;1;3;0;;0;;0;;0;;;
TELEMED;2013;590000758;590782637;0;1;0;0;0;1;0;0;0;;0;;0;;1;3;0;;0;;0;;;;0;;0;;1;;0;;0;;0;;0;;;
TELEMED;2013;590000774;590782652;0;0;0;0;1;1;0;0;0;;0;;0;;0;;0;;0;;0;;;;0;;0;;1;3;1;3;0;;0;;1;2;;
TELEMED;2013;590784864;590780193;0;1;0;0;0;1;0;0;0;;0;;0;;1;3;0;;0;;0;;;;0;;0;;0;;0;;0;;0;;0;;;
TELEMED;2013;590787586;590780193;0;1;1;0;0;1;1;0;0;;0;;0;;1;3;0;;1;3;0;;;;0;;0;;0;;0;;0;;0;;0;;;
TELEMED;2013;590796975;590780193;0;1;0;0;0;1;0;0;0;;1;3;1;3;1;3;0;;0;;0;;;;0;;1;3;0;;0;;0;;0;;0;;;
TELEMED;2013;590801106;590782421;0;0;0;0;0;1;0;0;0;;0;;0;;1;;0;;0;;0;;;;0;;1;3;0;;0;;0;;0;;0;;;
TELEMED;2013;590816310;590000048;1;1;1;0;1;1;1;0;0;;0;;1;1;1;3;1;3;0;;0;;Aide au diagnostic du service d'urgence;;0;;0;;1;1;1;3;0;;0;;1;;;
TELEMED;2013;600000152;600100572;0;0;0;0;1;0;0;0;0;;0;;0;;0;;0;;0;;0;;;;0;;0;;0;;0;;0;;0;;0;;chir ortho et viscerale;1
TELEMED;2013;600000194;600100713;1;1;0;0;0;1;0;0;0;;0;;0;;0;;0;;0;;1;;Chir viscérale et chir orthopédique;1;0;;0;;0;;0;;0;;0;;1;2;;
TELEMED;2013;600100101;750712184;0;0;0;0;1;1;1;1;0;;0;;0;;1;;0;;0;;0;;;;0;;0;;0;;1;;0;;0;;0;;;
TELEMED;2013;600100861;600010805;0;0;0;0;1;0;0;0;0;;0;;0;;0;;0;;0;;0;;;;0;;0;;0;;0;;0;;0;;0;;orthopédie viscérale;2
TELEMED;2013;600113476;600100721;0;1;0;0;1;0;0;0;0;;0;;0;;0;;0;;0;;0;;;;0;;0;;0;;1;2;0;;0;;0;;;
TELEMED;2013;610000069;610780090;0;0;0;0;1;1;0;0;0;;0;;0;;0;;0;;0;;0;;;;0;;0;;1;3;1;3;0;;0;;0;;;
TELEMED;2013;620000034;620100057;1;1;0;1;0;0;0;0;0;;1;;0;;0;;0;;0;;0;;;;0;;1;;0;;1;;0;;0;;0;;;
TELEMED;2013;620000240;620100677;0;0;0;0;0;0;1;0;0;;0;;0;;0;;0;;0;;0;;;;0;;0;;0;;0;;0;;0;;0;;OPHTALMOLOGIE;
TELEMED;2013;620000257;620100685;1;1;1;0;1;1;1;0;0;;1;3;0;;0;;0;;0;;0;;;;0;;1;3;0;;0;;0;;0;;0;;;
TELEMED;2013;620000653;620103440;1;1;1;1;0;1;0;0;1;3;0;;0;;0;;0;;0;;0;;;;0;;0;;1;2;0;;0;;0;;0;;;
TELEMED;2013;620003376;620001834;0;1;0;0;0;0;0;0;0;;0;;0;;1;3;0;;0;;0;;;;0;;0;;0;;0;;0;;0;;0;;;
TELEMED;2013;620117309;620112581;0;0;1;0;0;0;1;0;1;3;0;;0;;0;;0;;0;;0;;;;1;3;0;;0;;0;;0;;0;;0;;;
TELEMED;2013;630000016;630180032;0;0;0;0;0;1;0;0;0;;0;;0;;0;;0;;0;;0;;;;0;;0;;0;;1;3;0;;0;;0;;;
TELEMED;2013;630000404;630780989;1;1;0;0;1;1;0;0;0;;1;2;1;;1;;0;;0;;0;;;;0;;0;;0;;0;;0;;0;;0;;;
TELEMED;2013;630781268;630780989;0;1;1;0;0;0;0;0;0;;0;;0;;0;;1;1;0;;1;1;digestif;;0;;0;;0;;0;;0;;0;;1;1;digestif;
TELEMED;2013;630781839;630000826;0;0;0;0;0;1;0;0;0;;0;;0;;0;;0;;0;;0;;;;0;;0;;0;;0;;1;;0;;1;;;
TELEMED;2013;640789640;640000113;1;1;1;1;0;0;0;0;1;3;0;;0;;0;;0;;0;;0;;;;0;;0;;0;;0;;0;;0;;0;;;
TELEMED;2013;650000417;650783160;0;0;0;0;1;1;0;0;0;;0;;0;;0;;0;;0;;0;;;;0;;0;;0;;0;;1;;0;;0;;Pneumologie;2
TELEMED;2013;650780679;650000243;0;1;0;0;0;1;0;0;0;;0;;0;;0;;0;;0;;1;2;;;0;;0;;0;;0;;1;2;1;1;1;2;;
TELEMED;2013;650784218;650780174;0;0;0;0;1;0;0;0;0;;0;;0;;0;;0;;0;;0;;;;0;;0;;0;;0;;0;;1;1;1;1;;
TELEMED;2013;650789308;650789068;0;1;1;0;0;0;0;0;0;;0;;0;;0;;0;;0;;1;2;;;0;;0;;0;;0;;0;;0;;0;;;
TELEMED;2013;670000306;670780584;1;1;0;1;0;1;0;1;0;;1;1;0;;0;;0;;0;;0;;dermatologie;1;0;;0;;0;;0;;0;;0;;0;;;
TELEMED;2013;680000544;680000395;0;0;0;0;0;0;0;0;0;;0;;0;;0;;0;;0;;0;;;;0;;0;;1;2;1;2;0;;0;;0;;;
TELEMED;2013;680000684;680000973;1;1;1;1;1;1;1;0;0;;1;;1;;1;;0;;0;;0;;ORL DERMA OPHTAL URGECES;2;0;;0;;0;;1;;0;;0;;1;;médecine nucléaire;2
TELEMED;2013;680000726;680012648;0;0;0;0;0;1;0;0;0;;0;;0;;0;;0;;0;;0;;;;0;;0;;0;;0;;0;;0;;0;;Gériatrie/Médecine Physique et Réadaptation;3
TELEMED;2013;680001245;680000973;0;0;0;0;0;1;0;0;0;;0;;0;;0;;0;;0;;0;;;;0;;0;;0;;0;;1;;0;;0;;;
TELEMED;2013;680003324;680014495;1;1;1;1;1;1;1;1;0;;1;3;0;;0;;0;;1;3;0;;Gériatrie;3;0;;0;;0;;0;;0;;0;;0;;Dermatologie;2
TELEMED;2013;680004579;680000973;1;1;1;1;0;0;0;0;0;;0;;0;;0;;0;;0;;0;;geriatrie;2;0;;0;;0;;0;;0;;0;;0;;;
TELEMED;2013;690000013;690780036;0;0;0;0;0;0;0;0;0;;0;;0;;0;;0;;0;;0;;;;0;;0;;0;;1;2;0;;0;;0;;;
TELEMED;2013;690000021;690780044;0;0;0;0;0;1;0;0;0;;0;;0;;0;;0;;0;;0;;;;0;;0;;0;;1;3;0;;0;;0;;;
TELEMED;2013;690000096;690780119;0;0;0;0;0;1;0;0;0;;0;;0;;0;;0;;0;;0;;;;0;;0;;0;;1;3;0;;0;;0;;;
TELEMED;2013;690000591;690782248;0;0;0;0;0;1;0;0;0;;0;;0;;0;;0;;0;;0;;;;0;;0;;0;;1;3;0;;0;;0;;;
TELEMED;2013;690007075;690002225;1;0;0;1;1;1;1;1;1;3;0;;0;;0;;0;;0;;0;;;;0;;0;;0;;0;;0;;0;;0;;Dermatologue;1
TELEMED;2013;690022058;690002225;1;0;0;1;1;1;1;1;1;3;0;;0;;0;;0;;0;;0;;;;0;;0;;0;;0;;0;;0;;0;;Dermatologue;1
TELEMED;2013;690023098;690002225;1;0;0;1;1;1;1;1;1;3;0;;0;;0;;0;;0;;0;;;;0;;0;;0;;0;;0;;0;;0;;Dermatologue;1
TELEMED;2013;690024773;690002225;1;0;0;1;0;0;0;0;1;3;0;;0;;0;;0;;0;;0;;;;0;;0;;0;;0;;0;;0;;0;;Dermatologue;1
TELEMED;2013;690780416;690031190;0;0;0;1;1;0;0;1;0;;0;;0;;0;;0;;0;;0;;;;1;;1;;1;;0;;0;;0;;0;;;
TELEMED;2013;690783154;690781810;1;1;0;1;0;0;0;0;0;;0;;0;;1;3;0;;0;;0;;;;0;;0;;0;;0;;0;;0;;0;;;
TELEMED;2013;690784137;690781810;1;1;0;0;0;0;0;0;0;;0;;0;;1;2;0;;0;;0;;;;0;;0;;0;;0;;0;;0;;0;;;
TELEMED;2013;690784178;690781810;1;1;0;0;0;0;0;0;0;;1;;1;;1;;0;;0;;0;;;;0;;0;;0;;0;;0;;0;;0;;;
TELEMED;2013;690795489;690002225;1;0;0;1;1;1;1;1;1;3;0;;0;;0;;0;;0;;0;;;;0;;0;;0;;0;;0;;0;;0;;Dermatologue;1
TELEMED;2013;690807755;690002225;1;0;0;1;1;1;1;1;1;;0;;0;;0;;0;;0;;0;;;;0;;0;;0;;0;;0;;0;;0;;;
TELEMED;2013;700000011;700780026;0;0;0;0;1;1;0;1;0;;0;;0;;0;;0;;0;;0;;;;0;;1;3;0;;1;3;0;;0;;0;;Dermatologie;2
TELEMED;2013;710978263;710780958;1;0;0;0;0;0;0;0;0;;0;;0;;0;;0;;0;;0;;dermatologie;2;0;;0;;0;;0;;0;;0;;0;;;
TELEMED;2013;710978313;710976705;0;0;0;0;1;1;0;1;0;;0;;0;;0;;0;;0;;0;;;;0;;1;2;1;1;0;;0;;0;;0;;;
TELEMED;2013;720000033;720000025;1;1;0;1;0;1;1;0;0;;0;;0;;0;;0;;1;3;1;3;Dermato;2;0;;0;;0;;1;2;0;;0;;1;3;;
TELEMED;2013;720017839;440002590;1;1;1;1;0;0;0;0;1;2;0;;0;;0;;0;;0;;0;;;;0;;0;;0;;0;;0;;0;;0;;;
TELEMED;2013;730000031;730000015;1;1;0;0;0;1;0;0;0;;1;2;1;;0;;1;2;0;;1;2;orthopédie-dermalogie-OPH-Anesthésie-US Aiton;2;0;;0;;1;2;0;;1;2;0;;1;2;;
TELEMED;2013;730000080;730780103;0;0;0;0;0;1;0;0;0;;0;;0;;0;;0;;0;;0;;;;0;;1;2;1;2;1;2;1;2;1;2;1;2;;
TELEMED;2013;730000247;730780525;0;1;0;0;0;1;0;0;0;;0;;0;;1;3;0;;0;;0;;;;0;;0;;1;2;1;2;0;;0;;1;2;;
TELEMED;2013;730000262;730002839;0;0;0;0;1;1;0;1;0;;1;1;1;3;1;3;0;;0;;1;3;;;0;;1;1;1;3;1;3;0;;0;;1;3;;
TELEMED;2013;740000237;740781133;0;1;0;0;0;0;0;0;0;;0;;1;;0;;0;;0;;0;;;;0;;0;;0;;0;;0;;0;;0;;;
TELEMED;2013;740000328;740790381;0;1;0;0;0;1;0;0;0;;0;;0;;0;;1;2;0;;1;2;;;0;;0;;1;2;0;;1;2;0;;1;2;;
TELEMED;2013;750000499;750140014;0;1;0;0;0;0;0;0;0;;0;;0;;1;3;0;;0;;0;;;;0;;1;3;1;3;0;;0;;0;;0;;;
TELEMED;2013;750000549;750150229;0;1;0;0;0;0;0;0;0;;1;3;1;3;1;3;0;;0;;0;;NRI OPHTALMOLOGIE;3;0;;0;;0;;0;;0;;0;;0;;;
TELEMED;2013;750100018;750712184;1;1;1;0;0;0;0;0;0;;0;;0;;1;1;0;;0;;0;;;;0;;0;;0;;0;;0;;0;;0;;;
TELEMED;2013;750100042;750712184;1;1;0;0;0;0;0;0;0;;0;;1;2;1;;0;;0;;0;;psy et opht;3;0;;0;;0;;0;;0;;0;;0;;;
TELEMED;2013;750100075;750712184;0;1;0;0;0;0;0;0;0;;0;;0;;0;;0;;0;;0;;Dermatologie;3;0;;0;;0;;0;;0;;0;;0;;;
TELEMED;2013;750100083;750712184;1;0;1;0;;;;;;;;;;;;;1;;;;;;;;;;;;;;;;;;;;;;;
TELEMED;2013;750100091;750712184;1;1;0;0;;1;;;0;;0;;0;;1;3;0;;1;3;;;;;;;;;;;;;;;;;;;;
TELEMED;2013;750100109;750712184;0;1;0;0;0;0;0;0;0;;0;;0;;1;3;1;3;0;;0;;CRAT et CNRHP;3;0;;0;;0;;0;;0;;0;;0;;;
TELEMED;2013;750100125;750712184;1;1;1;0;1;0;1;0;0;;1;3;1;3;0;;0;;1;3;0;;psychiatrie;3;0;;0;;0;;0;;0;;0;;0;;;
TELEMED;2013;750100166;750712184;0;1;0;0;0;0;0;0;0;;0;;0;;1;;1;;0;;0;;Pathologies Professionnelles;3;0;;0;;0;;0;;0;;0;;0;;;
TELEMED;2013;750100208;750712184;1;1;1;1;0;1;0;0;1;;1;;1;3;1;;1;3;1;3;0;;;3;0;;1;;0;;1;;1;;1;;1;2;;
TELEMED;2013;750100216;750712184;0;0;0;0;1;1;1;1;0;;0;;0;;0;;0;;0;;0;;;;0;;1;2;0;;0;;0;;1;3;0;;Orthopédie;3
TELEMED;2013;750803447;750712184;1;1;1;1;0;1;0;0;0;;1;2;0;;0;;0;;1;3;0;;Orthopédie;3;0;;1;;1;;1;;0;;0;;0;;;
TELEMED;2013;750803454;750712184;0;1;0;0;0;0;0;0;0;;1;3;0;;1;3;0;;0;;0;;HEMATOLOGIE;2;0;;0;;0;;0;;0;;0;;0;;;
TELEMED;2013;760000018;760780023;0;0;0;0;0;1;1;0;0;;0;;0;;0;;0;;0;;0;;;;0;;0;;0;;1;3;0;;1;1;1;3;;
TELEMED;2013;760000034;760780049;1;0;0;0;1;0;0;0;0;;0;;0;;0;;0;;0;;0;;Psychiatrie;1;0;;0;;0;;0;;0;;0;;0;;Psychiatrie;1
TELEMED;2013;760000158;760780239;1;1;0;0;1;1;0;0;0;;1;3;1;3;1;3;1;2;0;;1;3;;;0;;1;2;1;2;1;3;0;;0;;1;3;;
TELEMED;2013;760805770;760780726;0;1;1;0;0;1;1;0;0;;0;;0;;1;3;0;;1;3;0;;;;0;;1;1;0;;1;1;0;;1;1;0;;;
TELEMED;2013;760921809;760000273;0;1;0;0;0;0;0;0;0;;0;;0;;0;;0;;0;;0;;orthopedie;3;0;;0;;0;;0;;0;;0;;0;;;
TELEMED;2013;770000149;770110021;0;1;0;0;0;1;1;0;0;;0;;0;;1;3;0;;0;;0;;;;0;;0;;1;3;0;;0;;0;;0;;Réseau Ophtalmolgie-Diabétologie;2
TELEMED;2013;770000172;770110070;0;0;0;0;1;1;1;1;0;;0;;0;;0;;0;;0;;0;;;;0;;1;2;0;;0;;0;;0;;0;;Service des urgences;2
TELEMED;2013;770000214;770130052;0;0;0;0;0;0;1;0;0;;0;;0;;0;;0;;0;;0;;;;0;;0;;0;;1;3;0;;0;;0;;;
TELEMED;2013;780140075;750804114;0;0;0;0;0;1;0;0;0;;0;;0;;0;;0;;1;1;0;;;;0;;0;;0;;0;;0;;0;;0;;;
TELEMED;2013;780800256;780110078;0;0;0;0;0;1;0;0;0;;0;;0;;0;;0;;0;;0;;;;0;;0;;1;3;0;;0;;0;;0;;;
TELEMED;2013;800000143;800000028;0;0;0;0;1;1;1;1;0;;0;;0;;0;;0;;0;;0;;;;0;;1;2;1;2;0;;0;;0;;1;2;;
TELEMED;2013;800000184;800000036;0;0;0;0;0;0;0;0;0;;0;;0;;1;2;0;;0;;0;;;;0;;0;;0;;1;2;0;;0;;0;;;
TELEMED;2013;800000192;800000044;1;1;1;1;0;1;0;0;0;;1;3;1;3;1;3;0;;0;;0;;oui;1;0;;0;;1;3;0;;0;;0;;0;;oui;1
TELEMED;2013;800000226;800000069;0;0;0;0;0;1;0;0;0;;0;;0;;0;;0;;0;;0;;;;0;;0;;0;;1;3;0;;0;;0;;;
TELEMED;2013;800000390;800000085;0;0;0;0;0;0;0;0;0;;0;;0;;1;;0;;0;;0;;;;0;;0;;0;;0;;0;;0;;0;;;
TELEMED;2013;800006124;800000044;1;1;1;1;1;1;1;1;0;;0;;0;;1;2;0;;0;;1;3;oui;1;0;;0;;0;;0;;0;;0;;1;1;;
TELEMED;2013;810000224;810000471;0;1;1;0;0;0;0;0;0;;0;;0;;0;;0;;0;;1;2;radiotherapie;2;0;;0;;0;;0;;0;;0;;0;;;
TELEMED;2013;810000505;810000331;0;1;0;0;0;1;0;0;0;;1;1;0;;1;;0;;1;;0;;medecine interne;2;0;;1;1;0;;1;;0;;1;;0;;medecine interne;2
TELEMED;2013;810000521;810000380;0;1;0;0;0;1;0;0;0;;0;;0;;0;;0;;0;;1;3;;;0;;1;1;1;3;1;2;0;;1;1;0;;Radiodiagnostic et Radiothérapie;3
TELEMED;2013;810000562;810000455;0;0;0;0;1;1;0;0;0;;0;;0;;0;;0;;0;;0;;;;0;;0;;0;;1;;0;;0;;0;;;
TELEMED;2013;820000065;820000156;0;0;0;1;0;0;0;0;0;;0;;0;;0;;0;;0;;0;;;;0;;0;;0;;1;2;0;;0;;1;1;;
TELEMED;2013;820000420;820000206;0;0;0;0;1;1;1;1;0;;0;;0;;0;;0;;0;;0;;;;0;;0;;0;;0;;0;;0;;0;;;
TELEMED;2013;830000279;830100517;0;;;;1;1;0;0;0;;0;;0;;0;;0;;0;;0;;;;0;;0;;1;3;0;;0;;0;;1;2;;
TELEMED;2013;830000287;830100525;0;0;0;0;0;1;0;0;0;;0;;0;;0;;0;;0;;0;;;;0;;1;1;1;2;0;;0;;0;;1;2;;
TELEMED;2013;830000295;830100533;1;0;0;0;1;0;0;0;0;;0;;0;;1;3;0;;0;;0;;;;0;;0;;1;2;0;;0;;0;;0;;;
TELEMED;2013;830000311;830100566;0;0;0;0;0;0;0;1;0;;0;;0;;0;;0;;0;;0;;;;0;;0;;1;2;1;1;0;;0;;0;;;
TELEMED;2013;830000345;830100616;0;0;0;0;0;1;0;0;0;;0;;0;;0;;0;;0;;0;;;;0;;0;;1;3;0;;0;;0;;1;3;;
TELEMED;2013;830100574;750821092;1;0;0;0;0;0;0;0;0;;0;;1;;0;;0;;0;;0;;;;0;;0;;0;;0;;0;;0;;0;;;
TELEMED;2013;830212759;750721235;0;0;0;0;1;1;0;0;0;;0;;0;;0;;0;;0;;0;;;;0;;1;1;0;;0;;0;;1;1;1;1;;
TELEMED;2013;830213617;830002119;1;0;1;0;0;0;0;0;1;1;0;;0;;0;;0;;0;;0;;;;0;;0;;0;;0;;0;;0;;0;;;
TELEMED;2013;840000483;840000087;0;1;0;0;0;0;0;0;0;;0;;0;;1;3;0;;0;;0;;;;0;;0;;0;;0;;0;;0;;0;;;
TELEMED;2013;850000142;850000019;0;1;1;0;0;1;0;0;1;3;1;3;0;;0;;0;;1;3;1;2;;;0;2;1;;1;2;0;;0;;0;;1;2;Neuroradiologie;2
TELEMED;2013;850000175;850009010;1;0;0;0;0;1;0;0;0;;0;;0;;0;;0;;0;;0;;gériatrie;2;0;;1;3;1;3;0;;0;;0;;0;;ophtalmologie;3
TELEMED;2013;850000209;850000019;0;0;0;0;0;0;1;0;0;;0;;0;;0;;0;;0;;0;;;;0;;0;;0;;1;3;0;;0;;0;;;
TELEMED;2013;850000241;850000084;0;0;0;0;0;1;0;0;0;;0;;0;;0;;0;;0;;0;;;;0;;0;;1;3;1;3;0;;0;;1;3;;
TELEMED;2013;850011271;440002590;0;0;0;0;1;1;1;1;0;;0;;0;;0;;0;;0;;0;;;;1;2;0;;0;;0;;0;;0;;0;;;
TELEMED;2013;850022013;850000100;0;0;0;0;1;0;0;0;0;;0;;0;;0;;0;;0;;0;;;;0;;0;;0;;0;;0;;0;;0;;geriatrie;2
TELEMED;2013;850022047;440002590;0;0;0;0;1;1;1;1;0;;0;;0;;0;;0;;0;;0;;;;1;2;0;;0;;0;;0;;0;;0;;;
TELEMED;2013;850023151;440002590;0;0;0;0;1;1;1;1;0;;0;;0;;0;;0;;0;;0;;;;1;2;0;;0;;0;;0;;0;;0;;;
TELEMED;2013;860000025;860780063;0;0;0;0;0;1;0;0;0;;0;;0;;1;1;0;;0;;0;;;;0;;0;;0;;0;;0;;0;;1;2;;
TELEMED;2013;860000033;860780071;0;0;0;0;0;1;0;0;0;;0;;0;;0;;0;;0;;0;;;;0;;0;;0;;1;1;0;;0;;1;1;;
TELEMED;2013;860000223;860013077;1;1;0;0;1;1;0;0;0;;1;3;1;3;1;3;0;;1;2;1;2;;;0;;1;2;1;3;1;2;0;;0;;1;2;;
TELEMED;2013;870000064;870000015;1;1;0;0;0;0;0;0;0;;1;3;1;3;0;;0;;0;;0;;;;0;;0;;1;1;0;;0;;0;;0;;;
TELEMED;2013;870000098;870000023;0;0;1;0;0;0;0;0;0;;0;;0;;0;;0;;1;2;0;;;;0;;0;;0;;0;;0;;0;;0;;;
TELEMED;2013;870000270;870000031;0;0;0;0;0;1;0;0;0;;0;;0;;0;;0;;0;;0;;;;0;;0;;0;;1;1;0;;0;;0;;;
TELEMED;2013;870001567;870014503;0;0;0;0;0;1;1;0;0;;0;;0;;0;;0;;0;;0;;;;0;;0;;0;;0;;0;;0;;0;;Psychiatrie;1
TELEMED;2013;880000021;880007059;0;0;0;0;1;1;0;0;0;;0;;0;;0;;0;;0;;0;;;;0;;1;2;1;3;0;;0;;0;;0;;;
TELEMED;2013;880000047;880780077;0;0;1;0;0;1;0;0;0;;0;;0;;1;;0;;0;;0;;;;0;;1;;1;;0;;0;;1;;1;;;
TELEMED;2013;880000054;880007299;0;0;0;0;0;1;0;0;0;;0;;0;;0;;0;;0;;0;;;;0;;1;2;1;2;0;;0;;0;;1;3;;
TELEMED;2013;880000062;880780093;0;0;0;0;0;1;0;1;0;;0;;0;;0;;0;;0;;0;;;;0;;0;;0;;1;3;0;;0;;0;;;
TELEMED;2013;890975527;890000037;0;0;0;0;1;0;0;0;0;;0;;0;;0;;0;;0;;0;;;;0;;1;;0;;0;;0;;0;;0;;;
TELEMED;2013;890975543;890000417;0;0;0;0;1;0;0;0;0;;0;;0;;0;;0;;0;;0;;;;0;;1;1;1;2;1;3;0;;0;;0;;;
TELEMED;2013;890975550;890970569;0;0;0;0;0;1;0;1;0;;0;;0;;0;;0;;0;;0;;;;0;;1;2;0;;0;;0;;0;;1;2;Infectiologie;1
TELEMED;2013;890975568;890000433;0;1;0;0;0;1;0;0;0;;0;;0;;1;2;0;;0;;0;;;;0;;0;;0;;0;;0;;0;;0;;;
TELEMED;2013;910009919;910009869;0;0;0;0;0;0;1;0;0;;0;;0;;0;;0;;0;;0;;;;0;;1;2;1;1;0;;0;;0;;0;;ORTHOPEDIE;2
TELEMED;2013;910150069;910000033;1;1;0;1;1;1;1;1;0;;1;;0;;0;;0;;1;;0;;psychiatrie, gériatrie;;0;;1;;0;;0;;0;;0;;0;;dermatologie, rhumatologie;
TELEMED;2013;920000601;920110053;0;0;0;0;0;1;0;0;0;;0;;0;;1;3;0;;0;;0;;;;0;;0;;0;;1;3;0;;0;;0;;;
TELEMED;2013;920000684;920150091;0;1;0;0;0;1;0;0;0;;0;;0;;1;2;0;;1;2;1;3;;;0;;0;;0;;1;2;0;;1;2;1;3;;
TELEMED;2013;920100013;750712184;0;0;0;0;1;1;0;0;0;;0;;0;;0;;0;;0;;0;;;;0;;1;1;0;;0;;0;;0;;0;;histologie;1
TELEMED;2013;920100021;750712184;0;1;0;0;0;0;0;0;0;;0;;0;;0;;1;3;0;;0;;Pédiatre et Orthopédie;1;0;;0;;0;;0;;1;3;0;;0;;;
TELEMED;2013;920100054;750712184;0;1;0;0;0;0;1;0;0;;0;;0;;0;;0;;0;;0;;neuroorthopédie;1;0;;1;;0;;0;;0;;0;;0;;;
TELEMED;2013;920120011;750821092;0;1;1;0;0;0;0;0;0;;0;;0;;1;2;0;;1;3;1;1;;;0;;0;;0;;0;;0;;0;;0;;;
TELEMED;2013;920300043;920001526;0;0;0;0;0;1;0;0;0;;0;;0;;0;;0;;0;;0;;;;0;;1;2;0;;0;;0;;0;;0;;;
TELEMED;2013;920300787;920000981;0;0;0;0;0;1;1;1;0;;1;1;0;;1;1;0;;1;1;0;;;;0;;1;1;0;;1;1;0;;1;1;0;;;
TELEMED;2013;920300936;920006848;0;1;0;0;0;0;0;0;0;;0;;0;;1;3;0;;0;;0;;;;0;;0;;0;;0;;0;;0;;0;;;
TELEMED;2013;920301033;920001062;0;1;0;0;0;1;0;0;0;;0;;0;;0;;0;;0;;1;2;;;0;;0;;0;;0;;0;;0;;1;2;;
TELEMED;2013;930300553;930000633;0;1;0;0;0;0;0;0;0;;0;;0;;1;3;0;;0;;0;;;;0;;0;;0;;0;;0;;0;;0;;;
TELEMED;2013;930300595;930000658;1;1;1;0;1;1;1;0;0;;0;;0;;1;3;0;;0;;0;;;;0;;0;;0;;1;3;0;;0;;0;;;
TELEMED;2013;940000649;940150014;0;0;0;0;0;0;0;0;0;;0;;0;;0;;0;;0;;0;;;;0;;0;;1;3;0;;0;;0;;0;;;
TELEMED;2013;940100027;750712184;0;1;1;0;0;0;0;0;0;;0;;1;3;0;;0;;1;3;0;;;;0;;0;;0;;0;;0;;0;;0;;;
TELEMED;2013;940100043;750712184;0;1;0;0;0;1;0;0;0;;1;2;1;2;1;3;1;3;0;;0;;Anatomie-pathologie, orthopédie;3;0;;0;;0;;0;;1;3;0;;0;;;
TELEMED;2013;940100068;750712184;0;1;0;0;0;0;0;0;0;;0;;0;;0;;0;;0;;0;;Anatomie-pathologie, orthopédie;3;0;;0;;0;;0;;0;;0;;0;;;
TELEMED;2013;950000323;950013870;0;0;0;0;0;1;0;0;0;;0;;0;;0;;0;;0;;0;;;;0;;0;;1;3;0;;0;;0;;0;;;
TELEMED;2013;950000331;950110049;0;0;0;0;0;1;0;0;0;;0;;0;;0;;0;;0;;0;;;;0;;0;;1;1;1;1;0;;0;;0;;;
TELEMED;2013;970100400;970100186;0;0;0;0;1;1;0;0;0;;0;;0;;0;;0;;0;;0;;;;0;;1;2;1;2;0;;0;;0;;0;;;
TELEMED;2013;970100442;970100228;1;1;0;0;1;1;0;0;0;;1;;;;1;;0;;1;;0;;urgences;;0;;1;;0;;1;;0;;1;;1;;;
TELEMED;2013;970300026;970302022;1;1;0;0;0;1;1;0;1;3;0;;0;;0;;1;1;1;3;0;;;;0;;1;2;1;2;0;;0;;0;;0;;;
TELEMED;2013;970300083;970302121;0;0;0;0;1;1;1;1;0;;0;;0;;0;;0;2;0;;0;;;;0;;0;;0;;0;;1;2;0;;0;;;
TELEMED;2013;970400024;970408589;1;0;0;1;0;0;0;0;0;;0;;0;;0;;0;;0;;0;;médecine d'urgence;3;0;;0;;0;;0;;0;;0;;0;;;
TELEMED;2013;970400057;970408589;1;1;1;1;1;0;1;1;0;;0;;0;;1;;0;;1;3;0;;;;0;;0;;0;;0;;0;;0;;0;;SAMU;3
TELEMED;2013;970400065;970421038;0;1;0;0;0;1;0;0;0;;0;;0;;1;;1;;0;;0;;;;0;;1;;1;;1;;1;;0;;0;;;
TELEMED;2013;970400099;970408589;0;0;0;0;1;1;1;1;0;;0;;0;;0;;0;;0;;0;;;;0;;0;;0;;0;;1;;0;;0;;SAMU;3
